,City,Country,Data,Cloudiness,Humidity,Latitude,Longitude,Maximum Temperature,Minimum Temperature,Wind Speed
0,Sorong,ID,1570076875,11,76,-0.86,131.25,302.334,302.334,0.81
1,Georgetown,GY,1570076751,0,94,6.8,-58.16,298.15,298.15,1.7
2,Hofu,JP,1570076876,75,58,34.05,131.57,305.15,300.15,9.3
3,Mataura,NZ,1570076749,86,93,-46.19,168.86,281.48,281.48,1.79
4,Wakkanai,JP,1570076877,75,73,45.41,141.67,295.15,295.15,3.6
5,Novo Cruzeiro,BR,1570076877,0,83,-17.47,-41.88,287.464,287.464,1.01
6,Tura,RU,1570076828,100,96,64.27,100.22,274.994,274.994,3.17
7,Rikitea,PF,1570076753,90,76,-23.12,-134.97,291.144,291.144,4.38
8,Maple Creek,CA,1570076878,0,91,49.91,-109.46,273.474,273.474,3.19
9,Mahebourg,MU,1570076797,75,94,-20.41,57.7,297.04,296.15,3.1
10,Ballina,IE,1570076879,100,83,54.11,-9.15,281.48,279.82,2.24
11,Luhyny,UA,1570076880,100,80,51.08,28.4,287.624,287.624,3.0
12,Port Hardy,CA,1570076490,90,93,50.7,-127.42,283.15,283.15,6.2
13,Mar del Plata,AR,1570076759,0,37,-46.43,-67.52,281.194,281.194,3.38
14,Castro,CL,1570076881,0,100,-42.48,-73.76,274.15,274.15,2.6
15,Busselton,AU,1570076763,100,68,-33.64,115.35,294.26,293.15,0.45
16,Praya,ID,1570076881,20,52,-8.71,116.27,304.15,304.15,3.1
17,Hofn,IS,1570076882,100,99,64.25,-15.21,272.764,272.764,6.19
18,Srednekolymsk,RU,1570076802,100,88,67.46,153.71,271.504,271.504,9.42
19,Mao,DO,1570076883,75,100,19.55,-71.08,298.71,295.37,1.75
20,Honiara,SB,1570076883,40,66,-9.43,159.96,303.15,303.15,6.2
21,Aklavik,CA,1570076812,90,93,68.22,-135.01,277.15,277.15,4.1
22,Oktyabrskoye,RU,1570076884,0,74,56.73,85.44,284.26,282.04,5.0
23,Bredasdorp,ZA,1570076777,36,87,-34.53,20.04,284.15,284.15,2.6
24,Balkanabat,TM,1570076884,0,21,39.51,54.36,291.924,291.924,2.61
25,Vaini,IN,1570076746,20,78,15.34,74.49,299.15,299.15,3.1
26,Cape Town,ZA,1570076327,20,93,-33.93,18.42,287.59,282.59,1.0
27,Namibe,AO,1570076810,53,82,-15.19,12.15,291.444,291.444,2.94
28,Kruisfontein,ZA,1570076765,100,74,-34.0,24.73,287.754,287.754,7.28
29,Jamestown,AU,1570076764,12,19,-33.21,138.6,301.734,301.734,0.65
30,Khash,IR,1570076886,70,45,28.22,61.21,291.594,291.594,1.93
31,Ribeira Grande,PT,1570076818,100,68,38.52,-28.7,294.004,294.004,3.88
32,Pevek,RU,1570076887,100,72,69.7,170.27,271.634,271.634,3.51
33,Bambous Virieux,MU,1570076844,75,94,-20.34,57.76,297.04,296.15,3.1
34,Makakilo City,US,1570076787,90,83,21.35,-158.09,301.48,297.04,5.7
35,Maun,BW,1570076888,0,67,-19.99,23.42,289.15,289.15,5.7
36,Bluff,AU,1570076762,0,29,-23.58,149.07,300.234,300.234,5.92
37,San Patricio,PY,1570076888,100,94,-26.98,-56.83,292.764,292.764,2.85
38,Ushuaia,AR,1570076646,20,96,-54.81,-68.31,278.15,278.15,11.8
39,Puerto Ayora,EC,1570076682,47,93,-0.74,-90.35,292.59,292.59,0.45
40,Punta Arenas,CL,1570076748,0,77,-53.16,-70.91,278.15,278.15,8.7
41,Sitka,US,1570076812,89,93,37.17,-99.65,287.04,285.37,8.05
42,Cilegon,ID,1570076890,40,55,-6.02,106.05,305.15,304.82,2.1
43,Chuy,UY,1570076768,97,76,-33.69,-53.46,286.974,286.974,8.08
44,Meulaboh,ID,1570076890,98,80,4.14,96.13,299.434,299.434,4.31
45,Arraial do Cabo,BR,1570076825,0,84,-22.97,-42.02,293.934,293.934,11.98
46,Dikson,RU,1570076794,100,70,73.51,80.55,270.104,270.104,10.89
47,Saldanha,PT,1570076774,100,62,41.42,-6.55,286.244,286.244,0.58
48,Hobart,AU,1570076592,0,27,-42.88,147.33,300.93,298.15,3.6
49,Merrill,US,1570076893,40,65,42.03,-121.6,282.04,279.26,3.1
50,Tuktoyaktuk,CA,1570076761,90,100,69.44,-133.03,275.15,275.15,6.2
51,Kapaa,US,1570076669,40,74,22.08,-159.32,302.15,298.15,8.7
52,Carnarvon,ZA,1570076829,61,31,-30.97,22.13,282.954,282.954,1.1
53,Peniche,PT,1570076894,20,82,39.36,-9.38,289.15,285.93,2.6
54,Nikolskoye,RU,1570076761,90,93,59.7,30.79,278.15,278.15,4.0
55,Flinders,AU,1570076895,0,28,-34.58,150.85,303.15,299.26,4.6
56,Asyut,EG,1570076895,0,37,27.18,31.19,295.964,295.964,3.45
57,Luderitz,NA,1570076759,0,93,-26.65,15.16,286.054,286.054,10.76
58,Calabozo,VE,1570076896,0,85,8.92,-67.43,297.424,297.424,2.3
59,Kalabo,ZM,1570076896,78,35,-15.0,22.67,292.244,292.244,3.59
60,Coos Bay,US,1570076587,90,93,43.37,-124.22,285.37,283.15,2.1
61,Avarua,CK,1570076783,33,64,-21.21,-159.78,297.15,297.15,3.1
62,Butaritari,KI,1570076752,100,59,3.07,172.79,302.524,302.524,1.09
63,Pignon,HT,1570076897,76,92,19.34,-72.12,294.744,294.744,1.74
64,Gritsovskiy,RU,1570076897,58,77,54.14,38.16,283.194,283.194,5.02
65,Komsomolskiy,RU,1570076756,100,87,67.55,63.78,276.824,276.824,6.99
66,Almenara,BR,1570076898,28,99,-16.17,-40.69,288.844,288.844,1.14
67,Hithadhoo,MV,1570076762,95,80,-0.6,73.08,301.124,301.124,7.38
68,San Cristobal,HN,1570076857,100,95,14.68,-86.92,292.384,292.384,1.63
69,Fortuna,US,1570076789,90,76,40.6,-124.16,285.37,283.15,3.21
70,Ostrovnoy,RU,1570076899,93,76,68.05,39.51,274.314,274.314,8.6
71,Nemuro,JP,1570076899,75,82,43.32,145.57,293.15,293.15,5.7
72,Cockburn Town,TC,1570076850,11,68,21.46,-71.14,301.474,301.474,1.68
73,Guerrero Negro,MX,1570076900,0,79,27.97,-114.04,292.364,292.364,6.21
74,Nassau,AT,1570076900,75,66,46.81,15.34,282.59,280.93,1.5
75,Hilo,US,1570076855,90,83,19.71,-155.08,298.15,294.26,4.1
76,Luanda,AO,1570076901,75,94,-8.83,13.24,296.15,296.15,2.6
77,Baykit,RU,1570076901,100,99,61.68,96.39,275.354,275.354,2.56
78,Seydi,NE,1570076901,0,65,13.34,7.75,299.364,299.364,5.45
79,Broome,GB,1570076790,1,86,52.47,1.45,280.37,274.15,3.04
80,Qaanaaq,GL,1570076793,26,71,77.48,-69.36,267.144,267.144,1.83
81,Mangrol,IN,1570076902,0,74,25.33,76.51,301.15,301.15,0.5
82,Bilma,NE,1570076902,0,12,18.69,12.92,301.804,301.804,3.66
83,Cap Malheureux,MU,1570076831,75,94,-19.98,57.61,297.04,296.15,3.1
84,Raudeberg,NO,1570076903,40,66,61.99,5.14,282.15,278.71,6.2
85,Cifuentes,CU,1570076903,40,94,22.65,-80.05,297.15,296.15,1.0
86,Chor,PK,1570076904,45,75,25.52,69.77,301.414,301.414,6.26
87,East London,ZA,1570076513,0,63,-33.02,27.91,290.15,290.15,7.2
88,Qesarya,IL,1570076904,20,78,32.52,34.9,295.15,293.15,1.5
89,Bozdar,PK,1570076905,40,65,27.18,68.64,301.15,301.15,5.1
90,Brockville,CA,1570076905,90,81,44.59,-75.69,282.04,278.15,2.6
91,Mgandu,TZ,1570076905,0,86,-5.96,34.11,289.344,289.344,4.85
92,Thompson,CA,1570076773,5,79,55.74,-97.86,270.15,270.15,2.02
93,Abu Samrah,SY,1570076906,0,92,35.3,37.18,291.124,291.124,3.5
94,Khatanga,RU,1570076781,0,68,71.98,102.47,268.604,268.604,3.78
95,Lukulu,ZM,1570076906,31,54,-14.38,23.24,292.214,292.214,2.43
96,Ponta do Sol,BR,1570076754,0,51,-20.63,-46.0,295.024,295.024,1.36
97,Atuona,PF,1570076750,24,72,-9.8,-139.03,299.864,299.864,3.65
98,Port Elizabeth,US,1570076652,90,65,39.31,-74.98,300.15,295.93,5.1
99,Kahului,US,1570076646,40,65,20.89,-156.47,301.15,296.48,7.2
100,Tiksi,RU,1570076503,100,87,71.64,128.87,269.024,269.024,12.24
101,Wuxi,CN,1570076907,21,51,31.58,120.3,305.37,303.71,3.12
102,Nome,US,1570076820,1,88,30.04,-94.42,299.82,296.15,1.55
103,Provideniya,RU,1570076798,75,75,64.42,-173.23,276.15,276.15,7.0
104,Yellowknife,CA,1570076684,75,61,62.45,-114.38,282.15,280.93,4.6
105,Saskylakh,RU,1570076761,4,76,71.97,114.09,266.144,266.144,0.39
106,Saint-Philippe,CA,1570076765,1,80,45.36,-73.48,279.82,275.93,2.1
107,Kenai,US,1570076909,1,75,60.55,-151.26,280.93,279.82,0.96
108,Gamba,CN,1570076910,79,66,28.28,88.52,276.184,276.184,1.69
109,Lata,IN,1570076910,7,56,30.78,78.62,277.524,277.524,2.16
110,Glens Falls,US,1570076911,1,61,43.31,-73.64,283.15,278.15,6.2
111,Te Anau,NZ,1570076768,8,76,-45.41,167.72,279.804,279.804,4.1
112,Westport,US,1570076911,90,93,41.14,-73.36,292.59,286.15,7.2
113,Salinas,US,1570076796,1,58,36.67,-121.66,290.37,284.26,4.6
114,New Norfolk,AU,1570076531,0,27,-42.78,147.06,300.93,298.15,3.6
115,Kavieng,PG,1570076912,41,69,-2.57,150.8,301.514,301.514,0.52
116,Kalmunai,LK,1570076912,2,65,7.42,81.82,301.794,301.794,2.33
117,Olinda,AU,1570076912,0,53,-37.84,145.39,303.15,290.37,8.2
118,Beringovskiy,RU,1570076913,95,64,63.05,179.32,275.624,275.624,1.38
119,Tahe,CN,1570076914,0,28,52.34,124.71,278.004,278.004,3.05
120,Mahanoro,MG,1570076914,99,96,-19.9,48.8,293.504,293.504,2.08
121,Albany,US,1570076708,90,57,42.65,-73.75,284.26,279.26,4.6
122,Talnakh,RU,1570076783,75,93,69.49,88.39,275.15,275.15,7.0
123,Victoria,BN,1570076813,75,62,5.28,115.24,305.15,303.15,1.5
124,Port Alfred,ZA,1570076758,0,87,-33.59,26.89,290.93,290.93,5.36
125,Gorin,BF,1570076916,88,77,12.34,-0.67,298.674,298.674,2.66
126,Ola,RU,1570076916,100,65,59.58,151.3,276.014,276.014,2.69
127,Sao Filipe,CV,1570076809,0,86,14.9,-24.5,298.364,298.364,4.88
128,Hasaki,JP,1570076752,75,61,35.73,140.83,303.15,298.15,4.6
129,Geraldton,CA,1570076816,75,86,49.72,-86.95,273.15,273.15,3.1
130,Nanortalik,GL,1570076796,100,75,60.14,-45.24,278.414,278.414,0.68
131,Mount Gambier,AU,1570076917,90,77,-37.83,140.78,288.15,288.15,6.7
132,Fairbanks,US,1570076918,90,100,64.84,-147.72,276.48,274.82,1.5
133,Portland,US,1570076862,75,75,43.66,-70.25,282.59,277.59,3.1
134,Puerto Madryn,AR,1570076864,0,41,-42.77,-65.04,282.154,282.154,5.18
135,Walvis Bay,NA,1570076919,90,87,-22.95,14.51,287.15,287.15,3.6
136,Rapid Valley,US,1570076919,90,93,44.06,-103.15,278.15,273.15,1.5
137,Severo-Kurilsk,RU,1570076778,100,96,50.68,156.12,282.044,282.044,6.44
138,Lagoa,PT,1570076919,0,82,37.14,-8.45,288.71,288.15,4.75
139,Siilinjarvi,FI,1570076920,0,80,63.08,27.67,274.15,274.15,3.1
140,Klaksvik,FO,1570076632,5,87,62.23,-6.59,279.15,279.15,3.1
141,Leningradskiy,RU,1570076827,100,92,69.38,178.42,271.544,271.544,5.73
142,Faanui,PF,1570076803,9,78,-16.48,-151.75,298.584,298.584,6.6
143,Bandundu,CD,1570076921,0,88,-3.32,17.38,294.784,294.784,0.88
144,Cayenne,GF,1570076916,0,88,4.94,-52.33,298.15,298.15,2.72
145,Carinhanha,BR,1570076921,1,51,-14.3,-43.77,297.764,297.764,2.95
146,Lebu,ET,1570076816,75,77,8.96,38.73,288.15,288.15,2.6
147,Bulgan,MN,1570076922,0,75,48.81,103.53,271.964,271.964,1.18
148,Puebloviejo,CO,1570076922,90,70,10.99,-74.28,302.15,300.15,5.29
149,Greymouth,NZ,1570076922,35,74,-42.45,171.21,283.834,283.834,3.21
150,Cupira,BR,1570076923,10,98,-8.61,-35.95,290.314,290.314,1.25
151,Saint Anthony,US,1570076923,1,64,43.97,-111.68,277.15,272.15,1.5
152,Port Macquarie,AU,1570076837,0,31,-31.43,152.91,299.15,297.04,4.6
153,Kasempa,ZM,1570076924,0,87,-13.46,25.83,289.714,289.714,3.9
154,Souillac,FR,1570076753,0,87,45.6,-0.6,284.26,281.48,2.1
155,Sao Joao da Barra,BR,1570076848,5,97,-21.64,-41.05,291.634,291.634,0.69
156,Kavaratti,IN,1570076924,20,74,10.57,72.64,303.15,303.15,3.01
157,Barrow,AR,1570076764,0,78,-38.31,-60.23,275.484,275.484,3.27
158,Jumla,NP,1570076788,60,74,29.28,82.18,286.804,286.804,0.87
159,Broken Hill,AU,1570076926,0,8,-31.97,141.45,306.15,306.15,8.7
160,Ewo,CG,1570076926,2,88,-0.88,14.81,294.814,294.814,3.67
161,Ripoll,ES,1570076926,40,77,42.2,2.19,289.82,278.71,2.1
162,Igrim,RU,1570076927,100,94,63.19,64.42,278.874,278.874,3.22
163,Kieta,PG,1570076801,100,84,-6.22,155.63,298.994,298.994,2.28
164,Kodinsk,RU,1570076927,100,94,58.6,99.18,277.074,277.074,4.22
165,Caxito,BR,1570076927,0,82,-22.65,-42.51,289.014,289.014,2.48
166,Taft,PH,1570076928,100,48,11.9,125.42,305.624,305.624,1.1
167,Melilla,EC,1570076928,20,83,-0.8,-80.23,295.15,295.15,3.1
168,Chandbali,IN,1570076928,100,69,20.77,86.74,302.924,302.924,2.41
169,Grimma,DE,1570076928,95,87,51.24,12.73,283.15,279.82,6.2
170,Pativilca,PE,1570076929,90,92,-10.7,-77.78,288.724,288.724,5.07
171,Nambucca Heads,AU,1570076929,0,64,-30.64,152.99,298.71,294.15,9.8
172,Kununurra,AU,1570076930,0,5,-15.77,128.74,313.15,313.15,9.8
173,Svetlaya,RU,1570076763,100,82,46.54,138.33,286.124,286.124,2.18
174,Tuatapere,NZ,1570076818,67,93,-46.13,167.69,281.48,281.48,1.79
175,Bosaso,SO,1570076804,61,65,11.28,49.18,302.864,302.864,7.3
176,Upernavik,GL,1570076826,100,68,72.79,-56.15,276.034,276.034,4.78
177,Sinnamary,GF,1570076931,87,82,5.38,-52.96,300.674,300.674,9.48
178,Gat,SN,1570076931,100,94,14.69,-16.54,297.15,297.15,3.1
179,Tautira,PF,1570076931,20,69,-17.73,-149.15,300.15,299.82,3.1
180,Longyearbyen,NO,1570076753,75,74,78.22,15.63,275.15,275.15,8.2
181,Knyaze-Volkonskoye,RU,1570076932,40,70,48.46,135.46,280.15,280.15,6.0
182,Champasak,LA,1570076932,40,66,14.89,105.88,303.15,303.15,3.1
183,Kysyl-Syr,RU,1570076698,0,59,63.9,122.77,272.314,272.314,2.24
184,Amapa,HN,1570076933,20,94,15.09,-87.97,299.15,298.71,1.0
185,Chhatak,BD,1570076933,4,77,25.03,91.67,300.684,300.684,3.32
186,Huanren,CN,1570076934,0,47,41.26,125.37,295.944,295.944,4.08
187,Saint-Joseph,FR,1570076934,0,81,43.56,6.97,291.48,284.26,2.1
188,Alpena,US,1570076934,90,70,45.06,-83.43,283.71,281.48,3.6
189,Tromso,NO,1570076934,20,80,69.65,18.96,275.15,271.15,2.1
190,Luau,CD,1570076935,24,79,-10.7,22.23,292.694,292.694,0.61
191,Bethel,US,1570076812,75,87,60.79,-161.76,281.15,281.15,2.6
192,Yulara,AU,1570076785,15,6,-25.24,130.99,311.15,311.15,3.1
193,Winslow,GB,1570076936,100,93,51.94,-0.88,278.15,273.71,1.0
194,Dauphin,CA,1570076936,90,93,51.15,-100.04,276.15,276.15,1.5
195,Leh,IN,1570076835,17,33,34.16,77.58,273.974,273.974,0.67
196,Frascati,IT,1570076936,40,82,41.81,12.68,293.15,285.37,2.1
197,Henties Bay,NA,1570076937,0,93,-22.12,14.28,287.164,287.164,3.52
198,Galle,GN,1570076937,100,91,10.08,-12.83,294.424,294.424,0.86
199,Ambon,FR,1570076702,90,81,47.55,-2.56,285.93,281.48,4.1
200,Dingle,PH,1570076784,89,67,11.0,122.67,302.934,302.934,2.31
201,Baoqing,CN,1570076938,100,86,46.32,132.2,284.234,284.234,4.49
202,Mount Isa,AU,1570076938,0,19,-20.73,139.49,306.15,306.15,2.6
203,Sandwick,GB,1570076939,100,93,54.57,-2.89,278.15,274.82,1.0
204,Tazovskiy,RU,1570076939,100,97,67.47,78.7,279.074,279.074,5.75
205,Chokurdakh,RU,1570076736,97,88,70.62,147.9,270.394,270.394,5.75
206,Mongoumba,CD,1570076940,100,97,3.64,18.59,294.144,294.144,0.92
207,Katsuura,JP,1570076940,75,83,33.93,134.5,298.15,296.48,14.9
208,Santa Rosa,AR,1570076918,0,43,-36.62,-64.29,282.684,282.684,5.96
209,Dunedin,NZ,1570076941,99,69,-45.87,170.5,284.26,284.26,2.24
210,Balkhash,KZ,1570076941,0,26,46.84,74.98,281.15,281.15,8.0
211,Brae,GB,1570076941,67,81,60.4,-1.35,281.15,281.15,4.6
212,Uni,RU,1570076942,100,90,57.75,51.49,283.364,283.364,9.47
213,Kichera,RU,1570076942,95,61,55.93,110.1,273.404,273.404,4.45
214,Valdivia,CL,1570076942,0,100,-39.81,-73.25,275.15,275.15,1.0
215,Ullapool,GB,1570076943,0,93,57.9,-5.16,277.04,273.71,0.89
216,Pisco,PE,1570076943,40,82,-13.71,-76.2,290.37,290.15,1.5
217,Batemans Bay,AU,1570076943,0,33,-35.71,150.18,300.93,295.37,1.79
218,Bathsheba,BB,1570076944,20,78,13.22,-59.52,301.15,301.15,6.2
219,Nouadhibou,MR,1570076944,36,51,20.93,-17.03,300.15,300.15,6.2
220,Vanavara,RU,1570076773,100,97,60.35,102.28,275.654,275.654,3.17
221,Pauini,BR,1570076944,63,72,-7.71,-67.0,298.364,298.364,1.09
222,Dancheng,CN,1570076945,0,32,33.63,115.18,303.274,303.274,2.36
223,Karratha,AU,1570076847,0,14,-20.74,116.85,310.324,310.324,1.86
224,Santiago del Estero,AR,1570076725,0,38,-27.8,-64.26,286.114,286.114,3.2
225,Alyangula,AU,1570076946,100,43,-13.85,136.42,304.15,304.15,6.7
226,Port Blair,IN,1570076788,48,66,11.67,92.75,301.024,301.024,0.72
227,Biltine,TD,1570076946,61,63,14.53,20.93,301.044,301.044,3.62
228,Svetlogorsk,RU,1570076947,75,56,53.14,59.15,280.15,280.15,3.0
229,Rocha,UY,1570076786,83,82,-34.48,-54.34,282.804,282.804,4.84
230,Road Town,VG,1570076873,1,70,18.42,-64.62,302.15,299.82,5.1
231,Namatanai,PG,1570076948,69,71,-3.66,152.44,300.724,300.724,2.64
232,Sandnessjoen,NO,1570076948,0,60,66.02,12.63,278.15,277.04,3.1
233,Klyuchi,RU,1570076948,25,57,52.25,79.17,279.674,279.674,1.32
234,Avon Park,US,1570076949,75,88,27.6,-81.51,297.15,295.15,3.1
235,Qarchi Gak,AF,1570076949,0,21,37.04,66.79,295.15,291.15,4.1
236,Grindavik,IS,1570076717,90,87,63.84,-22.43,280.15,280.15,17.5
237,Coquimbo,CL,1570076842,0,76,-29.95,-71.34,284.15,284.15,4.1
238,Vilhena,BR,1570076950,48,77,-12.74,-60.15,295.984,295.984,1.3
239,Yankton,US,1570076950,90,93,42.87,-97.4,281.15,280.93,6.7
240,Inyonga,TZ,1570076951,11,62,-6.72,32.06,293.134,293.134,2.04
241,Semey,KZ,1570076951,0,55,50.41,80.25,276.15,276.15,1.0
242,Kalakamati,BW,1570076951,2,91,-20.59,27.31,285.124,285.124,3.77
243,Caraballeda,VE,1570076952,0,83,10.61,-66.85,299.15,294.82,2.1
244,Amurzet,CN,1570076952,99,52,47.69,131.09,282.144,282.144,5.35
245,Parabel,RU,1570076952,46,76,58.71,81.5,278.784,278.784,7.67
246,Flin Flon,CA,1570076777,40,84,54.77,-101.88,274.444,274.444,2.11
247,Chitral,PK,1570076953,100,60,35.85,71.79,275.724,275.724,1.91
248,Sur,OM,1570076953,0,63,22.57,59.53,301.794,301.794,4.97
249,Sloboda,UA,1570076953,75,93,48.46,24.82,286.15,286.15,3.0
250,Sistranda,NO,1570076954,75,93,63.73,8.83,278.71,278.15,5.1
251,Vanimo,PG,1570076954,17,70,-2.67,141.3,301.624,301.624,2.53
252,Salalah,OM,1570076783,40,78,17.01,54.1,300.15,300.15,1.5
253,Kachiry,KZ,1570076955,71,50,53.07,76.1,279.774,279.774,3.51
254,Kodiak,US,1570076803,90,87,39.95,-94.76,287.15,285.37,5.7
255,Channagiri,IN,1570076955,31,83,14.03,75.92,297.214,297.214,1.33
256,Ancud,CL,1570076956,0,100,-41.87,-73.83,274.15,274.15,2.6
257,Bonthe,SL,1570076956,100,89,7.53,-12.5,298.014,298.014,3.29
258,Saint George,GR,1570076792,40,93,39.45,22.34,289.15,287.15,1.02
259,Cabangahan,PH,1570076957,40,66,10.4,123.92,303.15,303.15,3.6
260,Villa Corona,MX,1570076957,90,88,20.42,-103.66,292.04,289.26,2.1
261,Inirida,CO,1570076957,100,98,3.87,-67.92,296.634,296.634,2.01
262,Esperance,AU,1570076800,67,49,-33.86,121.89,293.15,293.15,7.7
263,Slavyanka,RU,1570076958,100,68,42.86,131.39,294.524,294.524,1.91
264,West Plains,US,1570076958,1,64,36.73,-91.85,297.59,294.26,1.5
265,Santa Maria del Oro,MX,1570076959,59,65,25.95,-105.37,292.664,292.664,4.91
266,Alice Springs,AU,1570076959,0,8,-23.7,133.88,308.15,308.15,8.7
267,Sargatskoye,RU,1570076959,9,64,55.6,73.49,278.474,278.474,5.79
268,Sioux Lookout,CA,1570076959,90,80,50.1,-91.92,277.15,277.15,1.5
269,Arawa,ID,1570076960,0,53,-3.93,119.75,303.914,303.914,6.49
270,Tekari,IN,1570076960,75,79,24.94,84.84,302.15,302.15,1.67
271,Vila,IT,1570076960,0,30,45.18,8.4,289.82,281.48,6.7
272,Labytnangi,RU,1570076961,45,92,66.66,66.39,272.084,272.084,2.11
273,Praia da Vitoria,PT,1570076961,75,82,38.73,-27.07,292.15,292.15,3.77
274,Diffa,NE,1570076961,100,54,13.32,12.61,301.774,301.774,6.84
275,Ayagoz,KZ,1570076961,0,34,47.96,80.43,276.644,276.644,6.36
276,Vardo,US,1570076758,90,78,39.62,-77.74,299.26,295.15,0.64
277,Nakamura,JP,1570076962,75,69,35.17,136.87,300.15,300.15,8.7
278,Dudinka,RU,1570076962,75,93,69.41,86.18,275.15,275.15,7.0
279,Codrington,AU,1570076839,0,32,-28.95,153.24,301.15,295.15,3.6
280,Fukue,JP,1570076819,75,69,35.03,136.69,300.15,299.82,8.7
281,Pustoshka,RU,1570076963,100,96,56.34,29.37,280.964,280.964,2.65
282,Lorengau,PG,1570076778,87,75,-2.02,147.27,301.434,301.434,1.02
283,Paamiut,GL,1570076771,94,52,61.99,-49.67,281.634,281.634,5.86
284,Haines Junction,CA,1570076813,19,78,60.75,-137.51,274.774,274.774,1.28
285,Gouyave,GD,1570076964,20,78,12.16,-61.73,301.15,301.15,3.6
286,Xuddur,SO,1570076965,51,78,4.12,43.89,295.734,295.734,4.63
287,Clyde River,CA,1570076824,90,98,70.47,-68.59,273.15,273.15,2.6
288,Hermanus,ZA,1570076719,0,88,-34.42,19.24,286.48,286.48,3.08
289,Starokostyantyniv,UA,1570076966,89,86,49.76,27.2,287.014,287.014,2.43
290,Teguise,ES,1570076966,0,88,29.06,-13.56,295.15,295.15,9.8
291,Sorland,NO,1570076811,20,69,67.67,12.69,274.15,274.15,4.6
292,Hovd,NO,1570076842,90,93,63.83,10.7,278.71,276.48,3.1
293,Doha,QA,1570076967,1,62,25.29,51.53,304.15,303.15,2.6
294,Corner Brook,CA,1570076967,90,80,48.95,-57.95,278.15,277.04,1.5
295,Pangkalanbuun,ID,1570076784,18,69,-2.68,111.62,302.724,302.724,1.76
296,Santa Cruz,BR,1570076968,0,78,-6.22,-36.02,293.454,293.454,6.73
297,Araruama,BR,1570076863,0,84,-22.87,-42.34,293.934,293.934,11.98
298,Waipawa,NZ,1570076968,100,61,-39.94,176.59,284.26,284.26,3.13
299,Wetter,DE,1570076969,75,76,50.9,8.72,283.15,280.37,4.1
300,Tabou,CI,1570076817,5,96,4.42,-7.36,295.994,295.994,0.94
301,Rio Grande,BR,1570076852,100,90,-32.03,-52.1,288.624,288.624,5.05
302,Yarmouth,CA,1570076805,20,87,43.84,-66.12,280.37,279.15,9.07
303,Tamandare,BR,1570076970,60,75,-8.28,-70.75,296.414,296.414,0.52
304,Chimoio,MZ,1570076970,90,100,-19.11,33.48,289.15,289.15,1.35
305,Caravelas,BR,1570076780,0,78,-17.73,-39.27,294.154,294.154,3.52
306,Cherskiy,RU,1570076782,0,56,68.75,161.3,270.844,270.844,7.57
307,Charcas,MX,1570076971,0,70,23.13,-101.11,290.494,290.494,6.3
308,Huarmey,PE,1570076789,69,90,-10.07,-78.15,289.434,289.434,7.58
309,Pacific Grove,US,1570076971,1,42,36.62,-121.92,290.37,284.82,1.5
310,Bolbec,FR,1570076971,0,86,49.57,0.47,277.59,274.82,2.6
311,Contai,IN,1570076972,0,75,21.78,87.75,302.614,302.614,1.26
312,Taltal,CL,1570076972,0,86,-25.41,-70.49,283.414,283.414,0.52
313,Teya,MX,1570076972,75,88,21.05,-89.07,300.37,300.15,1.5
314,Wagar,US,1570076973,0,82,31.44,-87.99,299.26,298.71,0.97
315,Jishou,CN,1570076973,2,45,28.26,109.7,302.264,302.264,1.05
316,Arnstadt,DE,1570076973,75,87,50.83,10.95,282.59,279.26,8.7
317,Svencionys,LT,1570076974,100,97,55.15,26.17,280.604,280.604,3.46
318,High Level,CA,1570076974,40,70,58.52,-117.13,279.15,279.15,2.43
319,Kandry,RU,1570076974,100,89,54.55,54.1,280.974,280.974,6.3
320,Lazdijai,LT,1570076975,100,95,54.23,23.51,279.944,279.944,3.19
321,Atar,MR,1570076975,0,10,20.52,-13.05,307.234,307.234,3.88
322,Hami,CN,1570076975,0,21,42.84,93.51,288.674,288.674,3.14
323,Lensk,RU,1570076976,100,84,60.71,114.91,273.824,273.824,4.85
324,Ottawa,CA,1570076956,20,75,45.42,-75.69,279.82,277.04,4.6
325,Jacksonville,US,1570076866,1,94,30.33,-81.66,299.15,293.71,1.29
326,Sisimiut,GL,1570076966,0,63,66.94,-53.67,278.534,278.534,1.69
327,Nnewi,NG,1570076977,100,97,6.02,6.92,296.194,296.194,1.1
328,Richards Bay,ZA,1570076786,0,73,-28.77,32.06,292.134,292.134,11.81
329,Back Mountain,US,1570076977,90,88,41.34,-76.0,292.15,285.93,3.6
330,Port Hedland,AU,1570076978,0,9,-20.31,118.58,314.15,314.15,2.6
331,Kirishi,RU,1570076978,100,99,59.45,32.01,278.15,278.15,2.03
332,Cururupu,BR,1570076732,7,91,-1.82,-44.87,295.754,295.754,1.35
333,Mazamari,PE,1570076978,100,97,-11.33,-74.53,278.574,278.574,1.28
334,Chernyshevskiy,RU,1570076979,100,92,63.01,112.47,273.334,273.334,5.17
335,Altamont,CA,1570076979,90,100,49.4,-98.5,277.59,277.15,2.6
336,Zacatepec,MX,1570076979,27,97,20.06,-98.01,282.934,282.934,1.82
337,Arman,RU,1570076980,94,71,59.7,150.17,273.304,273.304,2.0
338,Zalantun,CN,1570076980,100,39,48.0,122.72,278.354,278.354,5.3
339,Kirakira,SB,1570076981,27,77,-10.46,161.92,300.284,300.284,3.08
340,Kaitangata,NZ,1570076749,81,63,-46.28,169.85,283.15,283.15,2.68
341,Entre Rios,BR,1570076981,51,98,-11.94,-38.08,292.844,292.844,1.79
342,Baker City,US,1570076982,1,49,44.77,-117.83,283.15,279.82,3.6
343,Norman Wells,CA,1570076774,90,100,65.28,-126.83,280.15,280.15,1.5
344,Nioro,GM,1570076818,100,89,13.79,-15.05,297.734,297.734,0.68
345,Salinopolis,BR,1570076760,0,79,-0.61,-47.36,300.484,300.484,8.24
346,Wajima,JP,1570076982,75,60,37.4,136.9,297.15,297.15,3.1
347,Kupang,ID,1570076983,67,61,-10.16,123.6,302.334,302.334,4.1
348,Vallenar,CL,1570076983,66,70,-28.58,-70.76,281.854,281.854,0.39
349,Kuminskiy,RU,1570076983,100,90,58.67,66.57,281.844,281.844,5.33
350,Oshnaviyeh,IR,1570076984,40,50,37.04,45.1,285.15,285.15,3.1
351,Petrolina,BR,1570076795,75,78,-9.38,-40.5,296.15,296.15,6.2
352,La Ronge,CA,1570076467,5,81,55.1,-105.3,278.15,278.15,4.1
353,Bitung,ID,1570076808,40,66,1.44,125.19,304.15,304.15,4.1
354,Dauriya,RU,1570076985,67,31,49.93,116.85,280.754,280.754,5.37
355,Ilulissat,GL,1570076786,0,33,69.22,-51.1,281.15,281.15,12.3
356,Alzamay,RU,1570076985,100,39,55.55,98.67,279.494,279.494,2.85
357,Adjumani,UG,1570076986,4,96,3.38,31.79,292.224,292.224,0.06
358,Saint-Lo,FR,1570076986,0,86,49.12,-1.09,280.15,278.15,3.6
359,Kaeo,NZ,1570076798,36,81,-35.1,173.78,288.71,288.15,4.82
360,Planadas,CO,1570076986,75,61,3.2,-75.65,300.15,300.15,1.5
361,Baghdad,IQ,1570076987,61,44,33.3,44.38,299.15,299.15,0.5
362,Nola,CF,1570076987,100,98,3.52,16.05,292.764,292.764,0.49
363,Waingapu,ID,1570076987,1,30,-9.65,120.26,304.834,304.834,7.71
364,Barra do Garcas,BR,1570076988,61,78,-15.89,-52.26,296.814,296.814,2.17
365,Chulakivka,UA,1570076988,90,100,46.36,32.36,286.15,286.15,3.0
366,Marystown,CA,1570076988,25,88,47.17,-55.16,276.114,276.114,4.47
367,Kurilsk,RU,1570076988,0,92,45.23,147.88,288.954,288.954,9.22
368,Mogadishu,SO,1570076804,40,74,2.04,45.34,299.15,299.15,5.1
369,Umm Lajj,SA,1570076989,0,77,25.02,37.27,301.724,301.724,6.92
370,Thaton,MM,1570076989,12,80,16.91,97.37,300.124,300.124,1.34
371,Morondava,MG,1570076990,92,79,-20.3,44.28,298.894,298.894,2.85
372,Cidreira,BR,1570076757,100,89,-30.17,-50.22,290.854,290.854,4.57
373,Kaihua,CN,1570076990,0,38,29.14,118.41,305.994,305.994,0.62
374,Axim,GH,1570076991,100,92,4.87,-2.24,297.514,297.514,2.08
375,Betafo,MG,1570076991,55,68,-19.84,46.86,288.514,288.514,2.42
376,Bang Saphan,TH,1570076991,40,70,11.21,99.51,305.15,305.15,3.1
377,Ucluelet,CA,1570076770,100,91,48.94,-125.55,283.15,282.59,9.92
378,Puerto Quijarro,BO,1570076992,61,71,-19.0,-57.72,297.164,297.164,4.27
379,Pochutla,MX,1570076779,100,92,15.74,-96.47,296.48,296.48,1.7
380,Samfya,ZM,1570076992,8,89,-11.37,29.56,290.414,290.414,2.15
381,Qandala,SO,1570076993,100,66,11.47,49.87,302.544,302.544,1.09
382,Aswan,EG,1570076993,0,31,24.09,32.9,298.204,298.204,4.58
383,Paraiso,BR,1570076993,40,74,-0.03,-51.17,302.15,302.15,5.1
384,Rawson,AR,1570076796,0,23,-43.3,-65.11,282.224,282.224,3.32
385,Mazagao,BR,1570076994,40,74,-0.12,-51.29,302.15,302.15,5.1
386,Martapura,ID,1570076994,0,78,-3.41,114.85,301.15,301.15,1.5
387,Tiznit,MA,1570076995,9,81,29.7,-9.73,293.654,293.654,8.57
388,Zaysan,KZ,1570076995,0,22,47.47,84.87,278.614,278.614,1.39
389,Narsaq,GL,1570076831,100,32,60.91,-46.05,284.15,284.15,10.8
390,Hyderabad,IN,1570076781,40,83,17.36,78.47,302.15,301.48,1.5
391,Bayburt,TR,1570076996,0,47,40.26,40.22,281.544,281.544,2.84
392,Baley,RU,1570076996,0,31,51.58,116.65,278.894,278.894,2.46
393,Mahajanga,MG,1570076699,20,61,-15.72,46.32,300.15,300.15,3.1
394,Rayong,TH,1570076997,20,74,12.68,101.28,303.15,299.82,5.1
395,Khasan,RU,1570076997,100,75,42.43,130.64,294.624,294.624,2.43
396,Noumea,NC,1570076997,90,44,-22.28,166.46,297.59,297.15,10.8
397,Mizdah,LY,1570076998,0,27,31.45,12.98,293.934,293.934,3.94
398,Auki,NG,1570076998,29,89,12.18,6.51,295.874,295.874,3.02
399,Ponta Delgada,PT,1570076998,75,82,37.73,-25.67,294.82,292.59,2.6
400,Natal,BR,1570076940,20,94,-5.81,-35.21,297.15,294.15,2.1
401,Nanhai,CN,1570076999,2,39,30.13,111.78,303.264,303.264,2.13
402,Yeniseysk,RU,1570076999,100,90,58.45,92.17,277.944,277.944,3.67
403,Necochea,AR,1570076800,0,75,-38.55,-58.74,275.93,275.93,1.59
404,Krasnyy Kholm,RU,1570077000,100,93,58.06,37.11,279.364,279.364,0.6
405,Jinka,ET,1570077000,19,91,5.79,36.57,289.874,289.874,1.56
406,Prokudskoye,RU,1570077000,0,57,55.01,82.46,282.15,282.15,3.0
407,Margate,AU,1570076822,0,27,-43.03,147.26,300.93,298.15,3.6
408,Torbay,CA,1570076756,90,93,47.66,-52.73,278.71,277.04,4.1
409,Constitucion,MX,1570077001,90,87,23.99,-104.67,290.93,288.15,2.82
410,Bowen,AU,1570077001,75,61,-20.01,148.25,298.15,298.15,10.8
411,Kloulklubed,PW,1570077002,75,66,7.04,134.26,304.15,304.15,5.1
412,Haapiti,PF,1570077003,20,69,-17.57,-149.87,300.15,299.82,3.1
413,Russell,US,1570076864,90,81,38.9,-98.86,286.48,284.26,7.7
414,Palmas Bellas,PA,1570077003,40,94,9.23,-80.09,300.15,297.15,4.33
415,Karpathos,GR,1570077004,75,94,35.51,27.21,293.15,293.15,1.5
416,Itarema,BR,1570076847,0,81,-2.92,-39.92,297.064,297.064,4.12
417,Beisfjord,NO,1570077004,0,80,68.38,17.6,275.93,271.48,4.1
418,Prado,CO,1570077006,99,78,3.75,-74.93,297.442,297.442,1.28
419,Krasnyy Chikoy,RU,1570077007,14,40,50.36,108.75,278.572,278.572,2.71
420,Cabo San Lucas,MX,1570076668,20,78,22.89,-109.91,299.82,296.48,2.1
421,Leshukonskoye,RU,1570077007,23,82,64.9,45.76,275.132,275.132,3.74
422,Poya,NC,1570076742,66,75,-21.35,165.16,293.504,293.504,10.58
423,Dresden,DE,1570076927,75,81,51.05,13.74,281.48,278.71,6.7
424,Prince Rupert,CA,1570077008,90,100,54.32,-130.32,282.15,282.15,2.96
425,Matagami,NG,1570077008,99,98,9.67,8.4,293.202,293.202,1.77
426,Fort Nelson,CA,1570077009,75,76,58.81,-122.69,284.15,284.15,1.0
427,Nizhneangarsk,RU,1570077009,85,62,55.78,109.57,271.812,271.812,5.73
428,Stephenville,CA,1570077009,40,80,48.55,-58.59,278.15,278.15,2.6
429,Arlit,NE,1570077010,30,12,18.74,7.39,303.112,303.112,3.14
430,Coruripe,BR,1570077010,0,94,-10.12,-36.18,293.702,293.702,3.24
431,Saint-Augustin,CA,1570077010,5,86,45.63,-73.98,280.37,276.48,1.0
432,Laukaa,FI,1570077011,0,80,62.42,25.95,275.37,274.15,4.1
433,Bay Roberts,CA,1570076555,90,93,47.58,-53.28,278.71,277.04,4.1
434,Padang,ID,1570077011,70,84,-0.92,100.36,298.912,298.912,5.64
435,Naurskaya,RU,1570077012,90,82,43.65,45.31,288.15,288.15,1.0
436,Boguchany,RU,1570077012,100,92,58.38,97.46,277.372,277.372,3.53
437,La Estancia,MX,1570077012,29,96,20.32,-98.9,286.892,286.892,0.44
438,Den Helder,NL,1570077012,75,81,52.96,4.76,285.93,282.04,5.1
439,Llata,PE,1570077013,70,89,-9.55,-76.82,276.922,276.922,0.51
440,Burnie,AU,1570077013,31,39,-41.05,145.91,293.71,293.71,3.58
441,Majene,ID,1570077013,0,72,-3.54,118.97,301.302,301.302,4.99
442,Sokoto,NG,1570077014,30,83,13.06,5.24,297.992,297.992,3.18
443,Northam,AU,1570076756,0,38,-31.65,116.67,297.15,297.15,4.6
444,Omidiyeh,IR,1570077014,40,36,30.76,49.7,300.15,299.15,4.1
445,Comodoro Rivadavia,AR,1570076782,0,56,-45.87,-67.48,278.15,278.15,0.5
446,San Quintin,PH,1570077015,28,74,17.54,120.52,301.992,301.992,3.16
447,Koumac,NC,1570077016,95,74,-20.56,164.28,294.602,294.602,9.49
448,Shenjiamen,CN,1570076826,1,78,29.96,122.3,298.294,298.294,2.36
449,Husavik,CA,1570076968,100,87,50.56,-96.99,278.71,277.59,2.55
450,Scarborough,GB,1570077017,46,93,54.28,-0.41,279.26,275.37,0.5
451,Labuhan,ID,1570077017,16,45,-2.54,115.51,306.172,306.172,2.03
452,Hambantota,LK,1570077017,40,100,6.12,81.12,299.15,299.15,1.5
453,Robertsport,LR,1570077018,100,95,6.75,-11.37,296.612,296.612,2.26
454,West Wendover,US,1570077018,1,65,40.74,-114.07,281.15,281.15,1.27
455,Ust-Tsilma,RU,1570077019,100,84,65.44,52.15,275.232,275.232,4.52
456,Manaure,CO,1570077019,99,77,11.78,-72.45,302.132,302.132,4.15
457,Ossora,RU,1570077019,74,80,59.24,163.07,275.462,275.462,2.75
458,Am Timan,TD,1570077020,100,91,11.04,20.28,295.912,295.912,2.02
459,San Remo,AR,1570077020,75,70,-31.31,-64.31,285.37,280.93,2.6
460,Pimentel,BR,1570077020,0,93,-3.7,-45.5,294.982,294.982,0.88
461,Bereda,ES,1570077021,67,100,43.27,-7.54,286.48,280.93,3.1
462,Trinidad,BO,1570077021,55,96,-14.83,-64.9,295.822,295.822,2.59
463,Hualmay,PE,1570077021,43,90,-11.1,-77.61,289.512,289.512,7.52
464,Esna,RO,1570077022,20,93,45.2,27.57,285.15,285.15,1.5
465,Beatrice,US,1570077022,90,81,40.27,-96.75,285.15,282.04,7.2
466,Morgan City,US,1570077022,1,100,29.7,-91.21,299.26,296.15,0.54
467,Amarwara,IN,1570077023,4,68,22.3,79.17,299.352,299.352,3.33
468,Ixtapa,MX,1570077023,75,94,20.71,-105.21,299.15,298.71,3.08
469,Vrangel,RU,1570077023,100,56,42.73,133.08,294.122,294.122,2.16
470,Zhigansk,RU,1570076786,23,64,66.77,123.37,270.704,270.704,1.67
471,Dubai,AE,1570076663,0,52,25.27,55.3,304.15,302.15,2.1
472,Kiunga,PG,1570077024,76,66,-6.12,141.3,303.312,303.312,2.66
473,Lashio,MM,1570076751,89,73,22.93,97.75,297.674,297.674,0.78
474,Key West,US,1570076919,90,93,47.93,-96.78,277.15,276.15,2.6
475,Puerto Carreno,CO,1570076948,100,94,6.19,-67.49,296.334,296.334,3.9
476,Touros,BR,1570077025,20,94,-5.2,-35.46,294.15,294.15,2.1
477,Qingdao,CN,1570077025,0,37,36.09,120.35,301.15,301.15,3.0
478,Isla Vista,US,1570077026,1,62,34.41,-119.86,290.15,285.15,2.12
479,Port Lincoln,AU,1570077026,31,84,-34.72,135.86,287.352,287.352,5.97
480,Jijiga,ET,1570077026,7,72,9.35,42.8,291.892,291.892,3.09
481,Litovko,RU,1570077027,100,55,49.24,135.18,282.462,282.462,2.01
482,Chapais,CA,1570077027,1,80,49.78,-74.86,275.15,275.15,2.6
483,Verkhnyaya Sysert,RU,1570077027,40,66,56.44,60.75,284.15,284.15,6.0
484,Garden City,US,1570077028,20,52,43.62,-116.24,282.59,278.71,2.1
485,Shimoda,JP,1570077028,75,65,34.7,138.93,300.15,297.04,5.1
486,Huilong,CN,1570077029,99,73,31.15,106.5,297.962,297.962,1.36
487,Beibei,CN,1570077029,95,69,29.83,106.43,299.15,299.15,2.0
488,Polunochnoye,RU,1570077029,100,93,60.87,60.43,279.452,279.452,2.77
489,Champerico,MX,1570076854,100,93,16.38,-93.6,291.914,291.914,2.29
490,Luebo,CD,1570077030,99,69,-5.35,21.42,298.382,298.382,0.53
491,Palafrugell,ES,1570077030,40,77,41.92,3.16,291.48,285.37,2.1
492,Lochem,NL,1570077030,90,100,52.16,6.41,283.15,279.82,2.1
493,Songjianghe,CN,1570077031,89,48,42.18,127.48,295.612,295.612,3.67
494,Zhangjiakou,CN,1570077031,94,40,40.77,114.88,294.952,294.952,4.36
495,Carutapera,BR,1570077031,0,77,-1.2,-46.02,298.792,298.792,3.03
496,Alta Floresta,BR,1570076832,24,85,-9.87,-56.08,295.094,295.094,0.94
497,Tarakan,ID,1570077032,75,94,3.3,117.63,299.15,299.15,2.1
498,Nishihara,JP,1570077032,75,51,35.74,139.53,303.15,299.82,6.2
499,Jian,IN,1570077033,37,65,25.65,87.89,303.422,303.422,2.79
500,Ipil,PH,1570077033,8,72,7.78,122.59,301.742,301.742,3.56
501,Juneau,US,1570077034,20,100,58.3,-134.42,282.04,280.15,1.5
502,Toora-Khem,RU,1570077034,0,27,52.47,96.11,279.562,279.562,1.48
503,Tasiilaq,GL,1570076828,100,65,65.61,-37.64,278.15,278.15,15.9
504,Byron Bay,AU,1570076482,0,60,-28.65,153.62,301.15,295.15,8.2
505,Mokhsogollokh,RU,1570077035,100,51,61.4,128.95,273.182,273.182,3.87
506,Abeche,TD,1570077035,35,67,13.83,20.83,300.152,300.152,1.35
507,The Pas,CA,1570076797,1,86,53.82,-101.24,274.15,274.15,1.5
508,Banjarmasin,ID,1570077036,8,78,-3.32,114.59,301.15,301.15,1.5
509,Vila do Maio,CV,1570077036,41,86,15.13,-23.22,296.272,296.272,3.41
510,Xiuyan,CN,1570077036,0,62,40.29,123.27,293.762,293.762,5.68
511,Berezovyy,RU,1570077037,82,50,51.67,135.7,277.932,277.932,1.85
512,Benghazi,LY,1570077037,0,48,32.12,20.07,297.612,297.612,8.37
513,Bani,YE,1570077037,0,65,16.02,42.93,304.542,304.542,2.56
514,Beloha,MG,1570077038,95,73,-25.17,45.06,296.662,296.662,6.08
515,Atasu,KZ,1570077038,0,21,48.68,71.64,283.952,283.952,2.47
516,Medea,DZ,1570077038,40,82,36.27,2.77,291.15,291.15,2.6
517,Charagua,BO,1570076830,100,42,-19.79,-63.2,288.864,288.864,1.25
518,Atikokan,CA,1570077039,100,95,48.76,-91.62,275.342,275.342,2.84
519,Laguna,BZ,1570077040,90,88,16.17,-88.94,299.15,299.15,4.1
520,Isangel,VU,1570077040,75,54,-19.55,169.27,300.15,300.15,5.1
521,General Pico,AR,1570077040,53,59,-35.66,-63.75,281.892,281.892,7.17
522,Dingzhou,CN,1570077040,0,42,38.51,115.0,303.15,303.15,2.0
523,Naryan-Mar,RU,1570077041,100,96,67.67,53.09,275.412,275.412,7.04
524,Ambilobe,MG,1570076806,33,75,-13.19,49.05,296.014,296.014,1.69
525,Espinosa,BR,1570077041,0,77,-14.92,-42.81,291.652,291.652,3.39
526,Denpasar,ID,1570076847,20,79,-8.65,115.22,302.15,302.15,5.1
527,Tefe,BR,1570077042,31,86,-3.35,-64.71,296.512,296.512,0.68
528,Pangnirtung,CA,1570076846,0,70,66.15,-65.72,268.294,268.294,1.75
529,Madang,CN,1570077043,100,77,35.32,102.79,280.122,280.122,2.25
530,Shakawe,BW,1570077043,29,34,-18.36,21.84,293.092,293.092,4.11
531,Mudanjiang,CN,1570076799,100,66,44.58,129.6,290.784,290.784,6.92
532,Suhbaatar,MN,1570077043,0,31,50.23,106.21,280.782,280.782,2.07
533,Puerto Rico,CO,1570077044,99,96,1.91,-75.15,287.292,287.292,0.9
534,Ocos,GT,1570077044,75,94,14.51,-92.19,297.15,297.15,2.1
535,Zhangye,CN,1570077044,92,22,38.94,100.46,287.732,287.732,3.66
536,Saint-Gaudens,FR,1570077045,90,100,43.11,0.72,285.93,284.15,1.0
537,El Real de Santa Maria,PA,1570077045,100,97,8.11,-77.73,295.312,295.312,0.64
538,Sand Springs,US,1570077045,1,65,36.14,-96.11,299.82,296.15,1.5
539,Alwar,IN,1570077045,0,44,27.56,76.61,304.372,304.372,1.36
540,Volovo,RU,1570077046,83,66,53.55,38.01,285.352,285.352,5.91
541,Abu Dhabi,AE,1570077023,0,48,24.47,54.37,304.15,303.15,2.1
542,Sao Gabriel,BR,1570077046,100,81,-30.34,-54.32,289.792,289.792,5.38
543,Karaton,ID,1570077047,40,55,-6.34,106.1,306.48,304.82,2.1
544,Alvaraes,BR,1570077047,87,85,-3.22,-64.8,297.082,297.082,0.64
545,Merauke,ID,1570076778,4,81,-8.49,140.4,299.184,299.184,11.1
546,Raichur,IN,1570077048,100,55,16.2,77.36,303.692,303.692,0.79
547,Brandon,US,1570076888,90,87,43.59,-96.57,282.15,280.15,4.1
548,Airai,TL,1570076710,0,32,-8.93,125.41,307.354,307.354,1.47
549,Port-Cartier,CA,1570077049,75,80,50.03,-66.88,275.15,275.15,4.1
550,Caucaia,BR,1570077050,0,73,-3.73,-38.66,298.15,298.15,2.6
551,Beruwala,LK,1570077050,0,76,6.48,79.98,300.922,300.922,4.98
552,Aguimes,ES,1570077051,0,73,27.91,-15.45,299.26,294.82,7.7
553,Orlik,PL,1570077051,0,93,53.95,17.74,277.15,274.82,2.1
554,Baiyin,CN,1570077051,20,42,36.55,104.13,291.15,291.15,1.0
555,Mecca,SA,1570076752,26,81,21.43,39.83,298.924,298.924,1.36
556,Pringsewu,ID,1570077052,100,52,-5.36,104.98,303.432,303.432,3.08
557,Silver City,US,1570077052,1,59,32.77,-108.28,289.15,285.37,3.1
558,Edson,CA,1570077052,1,70,53.59,-116.44,279.15,279.15,1.5
559,Luwuk,ID,1570077053,84,96,-0.95,122.79,292.882,292.882,1.79
